ClientID,ClientName,PriorityLevel,_metadata
1,Murphy and Sons,5,[object Object]
2,"Wiley, Howard and Sweeney",5,[object Object]
3,Salinas-Mann,1,[object Object]
4,"Buck, Robertson and Wright",1,[object Object]
5,Edwards Inc,5,[object Object]
6,Farley-Jenkins,4,[object Object]
7,Martin-Fisher,2,[object Object]
8,"Huber, Thomas and Williams",5,[object Object]
9,Sanders-Gomez,5,[object Object]
10,Grant-Wilson,3,[object Object]
11,Parrish Inc,5,[object Object]
12,"Craig, Williamson and Moore",2,[object Object]
13,"Dixon, Cabrera and Ortiz",5,[object Object]
14,Hess-Vang,3,[object Object]
15,Black-Day,5,[object Object]
16,"Cowan, Gonzalez and Bennett",5,[object Object]
17,Meza-Freeman,5,[object Object]
18,Johnson Ltd,1,[object Object]
19,Holt PLC,5,[object Object]
20,"Lawson, Jones and Soto",3,[object Object]
21,Keith-Rogers,5,[object Object]
22,Rodriguez-Wright,4,[object Object]
23,Mcdonald Group,2,[object Object]
24,"Sanchez, Marshall and Goodwin",5,[object Object]
25,"Kelly, Green and Olson",4,[object Object]
26,Norris-Byrd,3,[object Object]
27,Osborne-Mann,1,[object Object]
28,Fuller Inc,2,[object Object]
29,"Walker, Peters and Brown",1,[object Object]
30,Hayes-Leon,2,[object Object]
31,Smith-Gilbert,5,[object Object]
32,"Shepard, Wilson and Bennett",5,[object Object]
33,Clarke-Morris,5,[object Object]
34,Baker-Holmes,5,[object Object]
35,"Warren, Smith and Moses",5,[object Object]
36,"Molina, Carter and Carlson",1,[object Object]
37,Jones-Beard,4,[object Object]
38,"Cruz, Haynes and Anderson",5,[object Object]
39,"Bridges, Coffey and Conley",5,[object Object]
40,"Harding, Chaney and Campos",1,[object Object]
41,Lane Inc,5,[object Object]
42,"Martin, Johnson and Ramirez",3,[object Object]
43,Coleman Group,1,[object Object]
44,Kelly-Malone,2,[object Object]
45,Jones LLC,5,[object Object]
46,Holder PLC,1,[object Object]
47,Craig LLC,5,[object Object]
48,Mendez-Medina,5,[object Object]
49,White-Gordon,5,[object Object]
50,Howard-Little,5,[object Object]
51,"Day, Hill and Thomas",5,[object Object]
52,Sanford PLC,4,[object Object]
53,"Kelly, Stone and Silva",5,[object Object]
54,"Hayden, Goodman and Peters",1,[object Object]
55,Jones Inc,2,[object Object]
56,"Hughes, Graves and Wilson",5,[object Object]
57,Dunn and Sons,5,[object Object]
58,Schwartz Group,5,[object Object]
59,"Morrison, Hernandez and Stark",2,[object Object]
60,Curry Group,1,[object Object]
61,"Thomas, Watson and Thomas",5,[object Object]
62,Guerrero-Steele,1,[object Object]
63,Hamilton-Gallagher,2,[object Object]
64,Peterson-Jones,4,[object Object]
65,"Carter, Cameron and Espinoza",1,[object Object]
66,Gonzalez-Montgomery,5,[object Object]
67,Savage-Lloyd,5,[object Object]
68,Clark Group,5,[object Object]
69,Bishop-Winters,4,[object Object]
70,Ryan Ltd,5,[object Object]
71,Nelson-Wiley,5,[object Object]
72,Miller-Rubio,2,[object Object]
73,Henry-Wolf,4,[object Object]
74,"Ruiz, Neal and Walker",5,[object Object]
75,Jenkins LLC,5,[object Object]
76,Cox Ltd,5,[object Object]
77,"Wood, Ellison and Campbell",5,[object Object]
78,Vega Group,5,[object Object]
79,"Ellison, Reeves and Anderson",3,[object Object]
80,Lee-Green,2,[object Object]
81,Ramirez-Pruitt,5,[object Object]
82,"Kramer, Rice and Ramsey",5,[object Object]
83,Dominguez Inc,5,[object Object]
84,Mejia-Stout,5,[object Object]
85,Gordon Ltd,4,[object Object]
86,"Pierce, Hernandez and Riley",5,[object Object]
87,English-Frank,2,[object Object]
88,Romero Group,4,[object Object]
89,"Vaughn, Webster and Douglas",4,[object Object]
90,Johnson-Lewis,5,[object Object]
91,Watkins LLC,4,[object Object]
92,Bruce Ltd,4,[object Object]